[{"model": "admin.logentry", "pk": 1, "fields": {"action_time": "2021-12-31T16:18:30.157", "user": 1, "content_type": 3, "object_id": "1", "object_repr": "operators", "action_flag": 1, "change_message": "[{\"added\": {}}]"}}, {"model": "admin.logentry", "pk": 2, "fields": {"action_time": "2021-12-31T16:19:42.515", "user": 1, "content_type": 3, "object_id": "2", "object_repr": "normal_participants", "action_flag": 1, "change_message": "[{\"added\": {}}]"}}, {"model": "admin.logentry", "pk": 3, "fields": {"action_time": "2021-12-31T16:20:14.521", "user": 1, "content_type": 14, "object_id": "1", "object_repr": "adminadmin", "action_flag": 2, "change_message": "[{\"changed\": {\"fields\": [\"\\u59d3\\u6c0f\", \"\\u540d\\u7a31\", \"\\u8eab\\u5206\"]}}]"}}, {"model": "admin.logentry", "pk": 4, "fields": {"action_time": "2021-12-31T16:26:05.051", "user": 1, "content_type": 3, "object_id": "2", "object_repr": "normal_users", "action_flag": 2, "change_message": "[{\"changed\": {\"fields\": [\"Name\"]}}]"}}, {"model": "admin.logentry", "pk": 5, "fields": {"action_time": "2022-01-01T07:14:53.618", "user": 1, "content_type": 14, "object_id": "2", "object_repr": "test1", "action_flag": 2, "change_message": "[{\"changed\": {\"fields\": [\"\\u8eab\\u5206\", \"Groups\"]}}]"}}, {"model": "auth.permission", "pk": 1, "fields": {"name": "Can add log entry", "content_type": 1, "codename": "add_logentry"}}, {"model": "auth.permission", "pk": 2, "fields": {"name": "Can change log entry", "content_type": 1, "codename": "change_logentry"}}, {"model": "auth.permission", "pk": 3, "fields": {"name": "Can delete log entry", "content_type": 1, "codename": "delete_logentry"}}, {"model": "auth.permission", "pk": 4, "fields": {"name": "Can view log entry", "content_type": 1, "codename": "view_logentry"}}, {"model": "auth.permission", "pk": 5, "fields": {"name": "Can add permission", "content_type": 2, "codename": "add_permission"}}, {"model": "auth.permission", "pk": 6, "fields": {"name": "Can change permission", "content_type": 2, "codename": "change_permission"}}, {"model": "auth.permission", "pk": 7, "fields": {"name": "Can delete permission", "content_type": 2, "codename": "delete_permission"}}, {"model": "auth.permission", "pk": 8, "fields": {"name": "Can view permission", "content_type": 2, "codename": "view_permission"}}, {"model": "auth.permission", "pk": 9, "fields": {"name": "Can add group", "content_type": 3, "codename": "add_group"}}, {"model": "auth.permission", "pk": 10, "fields": {"name": "Can change group", "content_type": 3, "codename": "change_group"}}, {"model": "auth.permission", "pk": 11, "fields": {"name": "Can delete group", "content_type": 3, "codename": "delete_group"}}, {"model": "auth.permission", "pk": 12, "fields": {"name": "Can view group", "content_type": 3, "codename": "view_group"}}, {"model": "auth.permission", "pk": 13, "fields": {"name": "Can add content type", "content_type": 4, "codename": "add_contenttype"}}, {"model": "auth.permission", "pk": 14, "fields": {"name": "Can change content type", "content_type": 4, "codename": "change_contenttype"}}, {"model": "auth.permission", "pk": 15, "fields": {"name": "Can delete content type", "content_type": 4, "codename": "delete_contenttype"}}, {"model": "auth.permission", "pk": 16, "fields": {"name": "Can view content type", "content_type": 4, "codename": "view_contenttype"}}, {"model": "auth.permission", "pk": 17, "fields": {"name": "Can add session", "content_type": 5, "codename": "add_session"}}, {"model": "auth.permission", "pk": 18, "fields": {"name": "Can change session", "content_type": 5, "codename": "change_session"}}, {"model": "auth.permission", "pk": 19, "fields": {"name": "Can delete session", "content_type": 5, "codename": "delete_session"}}, {"model": "auth.permission", "pk": 20, "fields": {"name": "Can view session", "content_type": 5, "codename": "view_session"}}, {"model": "auth.permission", "pk": 21, "fields": {"name": "Can add attendance", "content_type": 6, "codename": "add_attendance"}}, {"model": "auth.permission", "pk": 22, "fields": {"name": "Can change attendance", "content_type": 6, "codename": "change_attendance"}}, {"model": "auth.permission", "pk": 23, "fields": {"name": "Can delete attendance", "content_type": 6, "codename": "delete_attendance"}}, {"model": "auth.permission", "pk": 24, "fields": {"name": "Can view attendance", "content_type": 6, "codename": "view_attendance"}}, {"model": "auth.permission", "pk": 25, "fields": {"name": "Can add meeting", "content_type": 7, "codename": "add_meeting"}}, {"model": "auth.permission", "pk": 26, "fields": {"name": "Can change meeting", "content_type": 7, "codename": "change_meeting"}}, {"model": "auth.permission", "pk": 27, "fields": {"name": "Can delete meeting", "content_type": 7, "codename": "delete_meeting"}}, {"model": "auth.permission", "pk": 28, "fields": {"name": "Can view meeting", "content_type": 7, "codename": "view_meeting"}}, {"model": "auth.permission", "pk": 29, "fields": {"name": "Can add extempore motion", "content_type": 8, "codename": "add_extemporemotion"}}, {"model": "auth.permission", "pk": 30, "fields": {"name": "Can change extempore motion", "content_type": 8, "codename": "change_extemporemotion"}}, {"model": "auth.permission", "pk": 31, "fields": {"name": "Can delete extempore motion", "content_type": 8, "codename": "delete_extemporemotion"}}, {"model": "auth.permission", "pk": 32, "fields": {"name": "Can view extempore motion", "content_type": 8, "codename": "view_extemporemotion"}}, {"model": "auth.permission", "pk": 33, "fields": {"name": "Can add discussion", "content_type": 9, "codename": "add_discussion"}}, {"model": "auth.permission", "pk": 34, "fields": {"name": "Can change discussion", "content_type": 9, "codename": "change_discussion"}}, {"model": "auth.permission", "pk": 35, "fields": {"name": "Can delete discussion", "content_type": 9, "codename": "delete_discussion"}}, {"model": "auth.permission", "pk": 36, "fields": {"name": "Can view discussion", "content_type": 9, "codename": "view_discussion"}}, {"model": "auth.permission", "pk": 37, "fields": {"name": "Can add appendix", "content_type": 10, "codename": "add_appendix"}}, {"model": "auth.permission", "pk": 38, "fields": {"name": "Can change appendix", "content_type": 10, "codename": "change_appendix"}}, {"model": "auth.permission", "pk": 39, "fields": {"name": "Can delete appendix", "content_type": 10, "codename": "delete_appendix"}}, {"model": "auth.permission", "pk": 40, "fields": {"name": "Can view appendix", "content_type": 10, "codename": "view_appendix"}}, {"model": "auth.permission", "pk": 41, "fields": {"name": "Can add announcement", "content_type": 11, "codename": "add_announcement"}}, {"model": "auth.permission", "pk": 42, "fields": {"name": "Can change announcement", "content_type": 11, "codename": "change_announcement"}}, {"model": "auth.permission", "pk": 43, "fields": {"name": "Can delete announcement", "content_type": 11, "codename": "delete_announcement"}}, {"model": "auth.permission", "pk": 44, "fields": {"name": "Can view announcement", "content_type": 11, "codename": "view_announcement"}}, {"model": "auth.permission", "pk": 45, "fields": {"name": "Can add edit request", "content_type": 12, "codename": "add_editrequest"}}, {"model": "auth.permission", "pk": 46, "fields": {"name": "Can change edit request", "content_type": 12, "codename": "change_editrequest"}}, {"model": "auth.permission", "pk": 47, "fields": {"name": "Can delete edit request", "content_type": 12, "codename": "delete_editrequest"}}, {"model": "auth.permission", "pk": 48, "fields": {"name": "Can view edit request", "content_type": 12, "codename": "view_editrequest"}}, {"model": "auth.permission", "pk": 49, "fields": {"name": "Can add info", "content_type": 13, "codename": "add_info"}}, {"model": "auth.permission", "pk": 50, "fields": {"name": "Can change info", "content_type": 13, "codename": "change_info"}}, {"model": "auth.permission", "pk": 51, "fields": {"name": "Can delete info", "content_type": 13, "codename": "delete_info"}}, {"model": "auth.permission", "pk": 52, "fields": {"name": "Can view info", "content_type": 13, "codename": "view_info"}}, {"model": "auth.permission", "pk": 53, "fields": {"name": "Can add participant", "content_type": 14, "codename": "add_participant"}}, {"model": "auth.permission", "pk": 54, "fields": {"name": "Can change participant", "content_type": 14, "codename": "change_participant"}}, {"model": "auth.permission", "pk": 55, "fields": {"name": "Can delete participant", "content_type": 14, "codename": "delete_participant"}}, {"model": "auth.permission", "pk": 56, "fields": {"name": "Can view participant", "content_type": 14, "codename": "view_participant"}}, {"model": "auth.permission", "pk": 57, "fields": {"name": "發出會議紀錄修改請求", "content_type": 14, "codename": "create_edit_request"}}, {"model": "auth.permission", "pk": 58, "fields": {"name": "新增臨時動議", "content_type": 14, "codename": "create_extempore_motion"}}, {"model": "auth.permission", "pk": 59, "fields": {"name": "寄出會議通知", "content_type": 14, "codename": "mail_notification"}}, {"model": "auth.permission", "pk": 60, "fields": {"name": "寄出開會結果", "content_type": 14, "codename": "mail_result"}}, {"model": "auth.permission", "pk": 61, "fields": {"name": "Can add teacher info", "content_type": 15, "codename": "add_teacherinfo"}}, {"model": "auth.permission", "pk": 62, "fields": {"name": "Can change teacher info", "content_type": 15, "codename": "change_teacherinfo"}}, {"model": "auth.permission", "pk": 63, "fields": {"name": "Can delete teacher info", "content_type": 15, "codename": "delete_teacherinfo"}}, {"model": "auth.permission", "pk": 64, "fields": {"name": "Can view teacher info", "content_type": 15, "codename": "view_teacherinfo"}}, {"model": "auth.permission", "pk": 65, "fields": {"name": "Can add student info", "content_type": 16, "codename": "add_studentinfo"}}, {"model": "auth.permission", "pk": 66, "fields": {"name": "Can change student info", "content_type": 16, "codename": "change_studentinfo"}}, {"model": "auth.permission", "pk": 67, "fields": {"name": "Can delete student info", "content_type": 16, "codename": "delete_studentinfo"}}, {"model": "auth.permission", "pk": 68, "fields": {"name": "Can view student info", "content_type": 16, "codename": "view_studentinfo"}}, {"model": "auth.permission", "pk": 69, "fields": {"name": "Can add professor info", "content_type": 17, "codename": "add_professorinfo"}}, {"model": "auth.permission", "pk": 70, "fields": {"name": "Can change professor info", "content_type": 17, "codename": "change_professorinfo"}}, {"model": "auth.permission", "pk": 71, "fields": {"name": "Can delete professor info", "content_type": 17, "codename": "delete_professorinfo"}}, {"model": "auth.permission", "pk": 72, "fields": {"name": "Can view professor info", "content_type": 17, "codename": "view_professorinfo"}}, {"model": "auth.permission", "pk": 73, "fields": {"name": "Can add expert info", "content_type": 18, "codename": "add_expertinfo"}}, {"model": "auth.permission", "pk": 74, "fields": {"name": "Can change expert info", "content_type": 18, "codename": "change_expertinfo"}}, {"model": "auth.permission", "pk": 75, "fields": {"name": "Can delete expert info", "content_type": 18, "codename": "delete_expertinfo"}}, {"model": "auth.permission", "pk": 76, "fields": {"name": "Can view expert info", "content_type": 18, "codename": "view_expertinfo"}}, {"model": "auth.permission", "pk": 77, "fields": {"name": "Can add assistant info", "content_type": 19, "codename": "add_assistantinfo"}}, {"model": "auth.permission", "pk": 78, "fields": {"name": "Can change assistant info", "content_type": 19, "codename": "change_assistantinfo"}}, {"model": "auth.permission", "pk": 79, "fields": {"name": "Can delete assistant info", "content_type": 19, "codename": "delete_assistantinfo"}}, {"model": "auth.permission", "pk": 80, "fields": {"name": "Can view assistant info", "content_type": 19, "codename": "view_assistantinfo"}}, {"model": "auth.permission", "pk": 81, "fields": {"name": "Can add source", "content_type": 20, "codename": "add_source"}}, {"model": "auth.permission", "pk": 82, "fields": {"name": "Can change source", "content_type": 20, "codename": "change_source"}}, {"model": "auth.permission", "pk": 83, "fields": {"name": "Can delete source", "content_type": 20, "codename": "delete_source"}}, {"model": "auth.permission", "pk": 84, "fields": {"name": "Can view source", "content_type": 20, "codename": "view_source"}}, {"model": "auth.permission", "pk": 85, "fields": {"name": "Can add thumbnail", "content_type": 21, "codename": "add_thumbnail"}}, {"model": "auth.permission", "pk": 86, "fields": {"name": "Can change thumbnail", "content_type": 21, "codename": "change_thumbnail"}}, {"model": "auth.permission", "pk": 87, "fields": {"name": "Can delete thumbnail", "content_type": 21, "codename": "delete_thumbnail"}}, {"model": "auth.permission", "pk": 88, "fields": {"name": "Can view thumbnail", "content_type": 21, "codename": "view_thumbnail"}}, {"model": "auth.permission", "pk": 89, "fields": {"name": "Can add thumbnail dimensions", "content_type": 22, "codename": "add_thumbnaildimensions"}}, {"model": "auth.permission", "pk": 90, "fields": {"name": "Can change thumbnail dimensions", "content_type": 22, "codename": "change_thumbnaildimensions"}}, {"model": "auth.permission", "pk": 91, "fields": {"name": "Can delete thumbnail dimensions", "content_type": 22, "codename": "delete_thumbnaildimensions"}}, {"model": "auth.permission", "pk": 92, "fields": {"name": "Can view thumbnail dimensions", "content_type": 22, "codename": "view_thumbnaildimensions"}}, {"model": "auth.group", "pk": 1, "fields": {"name": "operators", "permissions": [49, 50, 51, 52, 53, 54, 58, 55, 59, 60, 56, 41, 42, 43, 44, 37, 38, 39, 40, 21, 22, 23, 24, 33, 34, 35, 36, 45, 47, 48, 29, 30, 31, 32, 25, 26, 27, 28]}}, {"model": "auth.group", "pk": 2, "fields": {"name": "normal_users", "permissions": [50, 52, 53, 57, 56, 44, 40, 24, 36, 45, 46, 47, 48, 32, 28]}}, {"model": "contenttypes.contenttype", "pk": 1, "fields": {"app_label": "admin", "model": "logentry"}}, {"model": "contenttypes.contenttype", "pk": 2, "fields": {"app_label": "auth", "model": "permission"}}, {"model": "contenttypes.contenttype", "pk": 3, "fields": {"app_label": "auth", "model": "group"}}, {"model": "contenttypes.contenttype", "pk": 4, "fields": {"app_label": "contenttypes", "model": "contenttype"}}, {"model": "contenttypes.contenttype", "pk": 5, "fields": {"app_label": "sessions", "model": "session"}}, {"model": "contenttypes.contenttype", "pk": 6, "fields": {"app_label": "meetings", "model": "attendance"}}, {"model": "contenttypes.contenttype", "pk": 7, "fields": {"app_label": "meetings", "model": "meeting"}}, {"model": "contenttypes.contenttype", "pk": 8, "fields": {"app_label": "meetings", "model": "extemporemotion"}}, {"model": "contenttypes.contenttype", "pk": 9, "fields": {"app_label": "meetings", "model": "discussion"}}, {"model": "contenttypes.contenttype", "pk": 10, "fields": {"app_label": "meetings", "model": "appendix"}}, {"model": "contenttypes.contenttype", "pk": 11, "fields": {"app_label": "meetings", "model": "announcement"}}, {"model": "contenttypes.contenttype", "pk": 12, "fields": {"app_label": "meetings", "model": "editrequest"}}, {"model": "contenttypes.contenttype", "pk": 13, "fields": {"app_label": "accounts", "model": "info"}}, {"model": "contenttypes.contenttype", "pk": 14, "fields": {"app_label": "accounts", "model": "participant"}}, {"model": "contenttypes.contenttype", "pk": 15, "fields": {"app_label": "accounts", "model": "teacherinfo"}}, {"model": "contenttypes.contenttype", "pk": 16, "fields": {"app_label": "accounts", "model": "studentinfo"}}, {"model": "contenttypes.contenttype", "pk": 17, "fields": {"app_label": "accounts", "model": "professorinfo"}}, {"model": "contenttypes.contenttype", "pk": 18, "fields": {"app_label": "accounts", "model": "expertinfo"}}, {"model": "contenttypes.contenttype", "pk": 19, "fields": {"app_label": "accounts", "model": "assistantinfo"}}, {"model": "contenttypes.contenttype", "pk": 20, "fields": {"app_label": "easy_thumbnails", "model": "source"}}, {"model": "contenttypes.contenttype", "pk": 21, "fields": {"app_label": "easy_thumbnails", "model": "thumbnail"}}, {"model": "contenttypes.contenttype", "pk": 22, "fields": {"app_label": "easy_thumbnails", "model": "thumbnaildimensions"}}, {"model": "sessions.session", "pk": "zt8sx1oihcfdt9phnrkkf4nzdcje3jfq", "fields": {"session_data": ".eJxVjDsOwjAQBe_iGln-x6Gk5wzWrteLA8iR4qRC3B0ipYD2zcx7iQTbWtPWy5ImEmehxel3Q8iP0nZAd2i3Wea5rcuEclfkQbu8zlSel8P9O6jQ67cu7MAEy16BcyaSA01oIgyI0UUib4JH661i8jbnPARgHjXDiE4BkXh_APDuOLU:1n3dVc:4ZrTI8H4FutwB-BP8e8z3hkloPaNtn74FvTk-JHFx64", "expire_date": "2022-01-15T20:29:16.221"}}, {"model": "meetings.meeting", "pk": 1, "fields": {"name": "第一場會議", "type": 0, "date": "2021-12-31T16:20:00", "location": "高雄大學工學院", "chairman": 1, "minutes_taker": 1, "speech": "略", "participants": [1]}}, {"model": "meetings.meeting", "pk": 2, "fields": {"name": "第二個會議", "type": 2, "date": "2022-01-04T22:50:00", "location": "高雄大學管理學院", "chairman": 2, "minutes_taker": 1, "speech": "大家好", "participants": [1, 2]}}, {"model": "meetings.meeting", "pk": 3, "fields": {"name": "測試", "type": 2, "date": "2021-12-10T10:30:00", "location": "高雄大學工學院", "chairman": 1, "minutes_taker": 4, "speech": "略", "participants": [1, 2, 3, 4]}}, {"model": "meetings.meeting", "pk": 4, "fields": {"name": "測試2", "type": 0, "date": "2021-12-23T06:50:00", "location": "高雄大學工學院", "chairman": 2, "minutes_taker": 3, "speech": "略", "participants": [2, 3]}}, {"model": "meetings.meeting", "pk": 5, "fields": {"name": "測試3", "type": 4, "date": "2022-01-01T15:57:00", "location": "某個地方", "chairman": 1, "minutes_taker": 3, "speech": "略", "participants": [1, 2, 3, 4]}}, {"model": "meetings.meeting", "pk": 6, "fields": {"name": "測試4", "type": 0, "date": "2022-01-10T07:30:00", "location": "法學院", "chairman": 2, "minutes_taker": 3, "speech": "略", "participants": [1, 2, 3]}}, {"model": "meetings.meeting", "pk": 7, "fields": {"name": "測試寄信", "type": 3, "date": "2022-01-15T20:30:00", "location": "高雄大學工學院3樓", "chairman": 1, "minutes_taker": 2, "speech": "哈囉", "participants": [1, 2, 3, 4, 5]}}, {"model": "meetings.attendance", "pk": 1, "fields": {"meeting": 1, "participant": 1, "attend": false}}, {"model": "meetings.attendance", "pk": 2, "fields": {"meeting": 2, "participant": 1, "attend": false}}, {"model": "meetings.attendance", "pk": 3, "fields": {"meeting": 2, "participant": 2, "attend": false}}, {"model": "meetings.attendance", "pk": 4, "fields": {"meeting": 3, "participant": 1, "attend": false}}, {"model": "meetings.attendance", "pk": 5, "fields": {"meeting": 3, "participant": 2, "attend": false}}, {"model": "meetings.attendance", "pk": 6, "fields": {"meeting": 3, "participant": 3, "attend": false}}, {"model": "meetings.attendance", "pk": 7, "fields": {"meeting": 3, "participant": 4, "attend": false}}, {"model": "meetings.attendance", "pk": 8, "fields": {"meeting": 4, "participant": 2, "attend": false}}, {"model": "meetings.attendance", "pk": 9, "fields": {"meeting": 4, "participant": 3, "attend": false}}, {"model": "meetings.attendance", "pk": 10, "fields": {"meeting": 5, "participant": 1, "attend": false}}, {"model": "meetings.attendance", "pk": 11, "fields": {"meeting": 5, "participant": 2, "attend": false}}, {"model": "meetings.attendance", "pk": 12, "fields": {"meeting": 5, "participant": 3, "attend": false}}, {"model": "meetings.attendance", "pk": 13, "fields": {"meeting": 5, "participant": 4, "attend": false}}, {"model": "meetings.attendance", "pk": 14, "fields": {"meeting": 6, "participant": 1, "attend": false}}, {"model": "meetings.attendance", "pk": 15, "fields": {"meeting": 6, "participant": 2, "attend": false}}, {"model": "meetings.attendance", "pk": 16, "fields": {"meeting": 6, "participant": 3, "attend": false}}, {"model": "meetings.attendance", "pk": 17, "fields": {"meeting": 7, "participant": 1, "attend": false}}, {"model": "meetings.attendance", "pk": 18, "fields": {"meeting": 7, "participant": 2, "attend": false}}, {"model": "meetings.attendance", "pk": 19, "fields": {"meeting": 7, "participant": 3, "attend": false}}, {"model": "meetings.attendance", "pk": 20, "fields": {"meeting": 7, "participant": 4, "attend": false}}, {"model": "meetings.attendance", "pk": 21, "fields": {"meeting": 7, "participant": 5, "attend": false}}, {"model": "meetings.editrequest", "pk": 1, "fields": {"meeting": 1, "participant": 1, "content": "測試 新補ㄉ"}}, {"model": "meetings.editrequest", "pk": 2, "fields": {"meeting": 1, "participant": 2, "content": "哈哈是我啦"}}, {"model": "meetings.editrequest", "pk": 3, "fields": {"meeting": 2, "participant": 1, "content": "ㄟ...試試看"}}, {"model": "meetings.editrequest", "pk": 4, "fields": {"meeting": 7, "participant": 1, "content": "測一下啦\r\n123\r\n123\r\n123"}}, {"model": "meetings.announcement", "pk": 1, "fields": {"meeting": 1, "content": "無"}}, {"model": "meetings.announcement", "pk": 2, "fields": {"meeting": 4, "content": "測試啦"}}, {"model": "meetings.announcement", "pk": 3, "fields": {"meeting": 4, "content": "ㄏ"}}, {"model": "meetings.announcement", "pk": 4, "fields": {"meeting": 5, "content": "事項1"}}, {"model": "meetings.announcement", "pk": 5, "fields": {"meeting": 7, "content": "沒啥"}}, {"model": "meetings.discussion", "pk": 1, "fields": {"meeting": 1, "topic": "123", "description": "123", "resolution": "無"}}, {"model": "meetings.discussion", "pk": 2, "fields": {"meeting": 2, "topic": "腳踏車壞了啦", "description": "如題", "resolution": "修"}}, {"model": "meetings.discussion", "pk": 3, "fields": {"meeting": 3, "topic": "123", "description": "123", "resolution": "123"}}, {"model": "meetings.discussion", "pk": 4, "fields": {"meeting": 4, "topic": "123", "description": "123", "resolution": ""}}, {"model": "meetings.discussion", "pk": 5, "fields": {"meeting": 4, "topic": "456", "description": "456", "resolution": "456"}}, {"model": "meetings.discussion", "pk": 6, "fields": {"meeting": 5, "topic": "就這樣", "description": "嗎", "resolution": "無"}}, {"model": "meetings.discussion", "pk": 7, "fields": {"meeting": 5, "topic": "你說什麼", "description": "你懂個屁 呆子", "resolution": "無"}}, {"model": "meetings.discussion", "pk": 8, "fields": {"meeting": 6, "topic": "測", "description": "試", "resolution": "無"}}, {"model": "meetings.discussion", "pk": 9, "fields": {"meeting": 7, "topic": "不知道", "description": "嘻嘻", "resolution": "無"}}, {"model": "accounts.participant", "pk": 1, "fields": {"password": "pbkdf2_sha256$260000$PI1Le2oIwRHA132kDCPARA$QUlaKzIt2tAWuhimvxMaIphLuaSlyemOBc76kic/wiM=", "last_login": "2022-01-01T20:29:16.218", "is_superuser": true, "username": "admin", "first_name": "admin", "last_name": "admin", "is_staff": true, "is_active": true, "date_joined": "2021-12-31T16:15:56", "email": "admin@gmail.com", "identity": 0, "sex": 2, "phone": "", "groups": [], "user_permissions": []}}, {"model": "accounts.participant", "pk": 2, "fields": {"password": "pbkdf2_sha256$260000$xqzVzeBiZ0P9XDDMKE1VZt$91NZIE334c8kgIvlUf3Q5z/GjNb9kNCLoLFnRjbLkxM=", "last_login": "2021-12-31T16:26:34", "is_superuser": false, "username": "test", "first_name": "1", "last_name": "test", "is_staff": false, "is_active": true, "date_joined": "2021-12-31T16:25:27", "email": "test@gmail.com", "identity": 1, "sex": 2, "phone": "0912345678", "groups": [2], "user_permissions": []}}, {"model": "accounts.participant", "pk": 3, "fields": {"password": "pbkdf2_sha256$260000$gcsUtaxzdxXDslRies3WpN$r3jo15e3DDbRjR32/pIQgKkXFbV0Jyyq7V6ELEiICgw=", "last_login": "2022-01-01T07:14:24.777", "is_superuser": false, "username": "test2", "first_name": "2", "last_name": "test", "is_staff": false, "is_active": true, "date_joined": "2022-01-01T07:14:16.781", "email": "test2@gmail.com", "identity": 3, "sex": 2, "phone": "0912345678", "groups": [1], "user_permissions": []}}, {"model": "accounts.participant", "pk": 4, "fields": {"password": "pbkdf2_sha256$260000$BEFhAB5Q8apK9Kg9x9MiXL$LnfAZU/cA5IchOTFo92FN1xCsM94NwMnA80xPHb836g=", "last_login": "2022-01-01T16:06:09.520", "is_superuser": false, "username": "test3", "first_name": "3", "last_name": "test", "is_staff": false, "is_active": true, "date_joined": "2022-01-01T07:15:16.012", "email": "test3@gmail.com", "identity": 4, "sex": 2, "phone": "0912345678", "groups": [2], "user_permissions": []}}, {"model": "accounts.participant", "pk": 5, "fields": {"password": "pbkdf2_sha256$260000$KXZJlx4UzVLN8LcOY0EByw$DHMol81Ta2D990p3kydKWsP/gF76a7mROfVRiu5tozQ=", "last_login": "2022-01-01T20:28:57.765", "is_superuser": false, "username": "a1085500", "first_name": "一心", "last_name": "葦名", "is_staff": false, "is_active": true, "date_joined": "2022-01-01T20:28:50.728", "email": "a1085502@mail.nuk.edu.tw", "identity": 1, "sex": 2, "phone": "0912345678", "groups": [2], "user_permissions": []}}, {"model": "accounts.info", "pk": 1, "fields": {}}, {"model": "accounts.info", "pk": 2, "fields": {}}, {"model": "accounts.info", "pk": 3, "fields": {}}, {"model": "accounts.info", "pk": 4, "fields": {}}, {"model": "accounts.info", "pk": 5, "fields": {}}, {"model": "accounts.expertinfo", "pk": 1, "fields": {"user": 1, "telephone": "", "title": "", "address": "", "bank_account": "", "company": ""}}, {"model": "accounts.studentinfo", "pk": 2, "fields": {"user": 2, "student_id": "", "school_system": "", "grade": ""}}, {"model": "accounts.studentinfo", "pk": 5, "fields": {"user": 5, "student_id": "A1080000", "school_system": "大學部", "grade": "三年級"}}, {"model": "accounts.assistantinfo", "pk": 3, "fields": {"user": 3, "telephone": "0912345678"}}, {"model": "accounts.professorinfo", "pk": 4, "fields": {"user": 4, "telephone": "0912345678", "title": "助理教授"}}]